--------------------------------------------------------
--  File created - Monday-June-06-2016   
--------------------------------------------------------
--------------------------------------------------------
--  DDL for Sequence AUTHORS_SEQ
--------------------------------------------------------

   CREATE SEQUENCE  "AUTHORS_SEQ"  MINVALUE 1 MAXVALUE 9999999999999999999999999999 INCREMENT BY 1 START WITH 41 CACHE 20 NOORDER  NOCYCLE  NOPARTITION ;
--------------------------------------------------------
--  DDL for Sequence COMMENTS_SEQ
--------------------------------------------------------

   CREATE SEQUENCE  "COMMENTS_SEQ"  MINVALUE 1 MAXVALUE 9999999999999999999999999999 INCREMENT BY 1 START WITH 21 CACHE 20 NOORDER  NOCYCLE  NOPARTITION ;
--------------------------------------------------------
--  DDL for Sequence NEWS_SEQ
--------------------------------------------------------

   CREATE SEQUENCE  "NEWS_SEQ"  MINVALUE 1 MAXVALUE 9999999999999999999999999999 INCREMENT BY 1 START WITH 21 CACHE 20 NOORDER  NOCYCLE  NOPARTITION ;
--------------------------------------------------------
--  DDL for Sequence ROLES_SEQ
--------------------------------------------------------

   CREATE SEQUENCE  "ROLES_SEQ"  MINVALUE 1 MAXVALUE 9999999999999999999999999999 INCREMENT BY 1 START WITH 21 CACHE 20 NOORDER  NOCYCLE  NOPARTITION ;
--------------------------------------------------------
--  DDL for Sequence TAGS_SEQ
--------------------------------------------------------

   CREATE SEQUENCE  "TAGS_SEQ"  MINVALUE 1 MAXVALUE 9999999999999999999999999999 INCREMENT BY 1 START WITH 41 CACHE 20 NOORDER  NOCYCLE  NOPARTITION ;
--------------------------------------------------------
--  DDL for Sequence USERS_SEQ
--------------------------------------------------------

   CREATE SEQUENCE  "USERS_SEQ"  MINVALUE 1 MAXVALUE 9999999999999999999999999999 INCREMENT BY 1 START WITH 81 CACHE 20 NOORDER  NOCYCLE  NOPARTITION ;
--------------------------------------------------------
--  DDL for Table AUTHORS
--------------------------------------------------------

  CREATE TABLE "AUTHORS" 
   (	"AUTHOR_ID" NUMBER(20,0), 
	"AUTHOR_NAME" NVARCHAR2(30), 
	"EXPIRED" TIMESTAMP (6)
   ) SEGMENT CREATION IMMEDIATE 
  PCTFREE 10 PCTUSED 40 INITRANS 1 MAXTRANS 255 
 NOCOMPRESS LOGGING
  STORAGE(INITIAL 65536 NEXT 1048576 MINEXTENTS 1 MAXEXTENTS 2147483645
  PCTINCREASE 0 FREELISTS 1 FREELIST GROUPS 1
  BUFFER_POOL DEFAULT FLASH_CACHE DEFAULT CELL_FLASH_CACHE DEFAULT)
  TABLESPACE "USERS" ;
--------------------------------------------------------
--  DDL for Table COMMENTS
--------------------------------------------------------

  CREATE TABLE "COMMENTS" 
   (	"COMMENT_ID" NUMBER(20,0), 
	"NEWS_ID" NUMBER(20,0), 
	"COMMENT_TEXT" NVARCHAR2(1000), 
	"CREATION_DATE" TIMESTAMP (6)
   ) SEGMENT CREATION IMMEDIATE 
  PCTFREE 10 PCTUSED 40 INITRANS 1 MAXTRANS 255 
 NOCOMPRESS LOGGING
  STORAGE(INITIAL 65536 NEXT 1048576 MINEXTENTS 1 MAXEXTENTS 2147483645
  PCTINCREASE 0 FREELISTS 1 FREELIST GROUPS 1
  BUFFER_POOL DEFAULT FLASH_CACHE DEFAULT CELL_FLASH_CACHE DEFAULT)
  TABLESPACE "USERS" ;
--------------------------------------------------------
--  DDL for Table NEWS
--------------------------------------------------------

  CREATE TABLE "NEWS" 
   (	"NEWS_ID" NUMBER(20,0), 
	"TITLE" NVARCHAR2(30), 
	"SHORT_TEXT" NVARCHAR2(100), 
	"FULL_TEXT" NVARCHAR2(2000), 
	"CREATION_DATE" TIMESTAMP (6), 
	"MODIFICATION_DATE" TIMESTAMP (6)
   ) SEGMENT CREATION IMMEDIATE 
  PCTFREE 10 PCTUSED 40 INITRANS 1 MAXTRANS 255 
 NOCOMPRESS LOGGING
  STORAGE(INITIAL 65536 NEXT 1048576 MINEXTENTS 1 MAXEXTENTS 2147483645
  PCTINCREASE 0 FREELISTS 1 FREELIST GROUPS 1
  BUFFER_POOL DEFAULT FLASH_CACHE DEFAULT CELL_FLASH_CACHE DEFAULT)
  TABLESPACE "USERS" ;
--------------------------------------------------------
--  DDL for Table NEWS_AUTHORS
--------------------------------------------------------

  CREATE TABLE "NEWS_AUTHORS" 
   (	"NEWS_ID" NUMBER(20,0), 
	"AUTHOR_ID" NUMBER(20,0)
   ) SEGMENT CREATION IMMEDIATE 
  PCTFREE 10 PCTUSED 40 INITRANS 1 MAXTRANS 255 
 NOCOMPRESS LOGGING
  STORAGE(INITIAL 65536 NEXT 1048576 MINEXTENTS 1 MAXEXTENTS 2147483645
  PCTINCREASE 0 FREELISTS 1 FREELIST GROUPS 1
  BUFFER_POOL DEFAULT FLASH_CACHE DEFAULT CELL_FLASH_CACHE DEFAULT)
  TABLESPACE "USERS" ;
--------------------------------------------------------
--  DDL for Table NEWS_TAGS
--------------------------------------------------------

  CREATE TABLE "NEWS_TAGS" 
   (	"NEWS_ID" NUMBER(20,0), 
	"TAG_ID" NUMBER
   ) SEGMENT CREATION IMMEDIATE 
  PCTFREE 10 PCTUSED 40 INITRANS 1 MAXTRANS 255 
 NOCOMPRESS LOGGING
  STORAGE(INITIAL 65536 NEXT 1048576 MINEXTENTS 1 MAXEXTENTS 2147483645
  PCTINCREASE 0 FREELISTS 1 FREELIST GROUPS 1
  BUFFER_POOL DEFAULT FLASH_CACHE DEFAULT CELL_FLASH_CACHE DEFAULT)
  TABLESPACE "USERS" ;
--------------------------------------------------------
--  DDL for Table ROLES
--------------------------------------------------------

  CREATE TABLE "ROLES" 
   (	"ROLE_ID" NUMBER(20,0), 
	"ROLE_NAME" NVARCHAR2(30)
   ) SEGMENT CREATION IMMEDIATE 
  PCTFREE 10 PCTUSED 40 INITRANS 1 MAXTRANS 255 
 NOCOMPRESS LOGGING
  STORAGE(INITIAL 65536 NEXT 1048576 MINEXTENTS 1 MAXEXTENTS 2147483645
  PCTINCREASE 0 FREELISTS 1 FREELIST GROUPS 1
  BUFFER_POOL DEFAULT FLASH_CACHE DEFAULT CELL_FLASH_CACHE DEFAULT)
  TABLESPACE "USERS" ;
--------------------------------------------------------
--  DDL for Table TAGS
--------------------------------------------------------

  CREATE TABLE "TAGS" 
   (	"TAG_ID" NUMBER(20,0), 
	"TAG_NAME" NVARCHAR2(30)
   ) SEGMENT CREATION IMMEDIATE 
  PCTFREE 10 PCTUSED 40 INITRANS 1 MAXTRANS 255 
 NOCOMPRESS LOGGING
  STORAGE(INITIAL 65536 NEXT 1048576 MINEXTENTS 1 MAXEXTENTS 2147483645
  PCTINCREASE 0 FREELISTS 1 FREELIST GROUPS 1
  BUFFER_POOL DEFAULT FLASH_CACHE DEFAULT CELL_FLASH_CACHE DEFAULT)
  TABLESPACE "USERS" ;
--------------------------------------------------------
--  DDL for Table USERS
--------------------------------------------------------

  CREATE TABLE "USERS" 
   (	"USER_ID" NUMBER(20,0), 
	"USER_NAME" NVARCHAR2(50), 
	"LOGIN" NVARCHAR2(30), 
	"PASSWORD" NVARCHAR2(30)
   ) SEGMENT CREATION IMMEDIATE 
  PCTFREE 10 PCTUSED 40 INITRANS 1 MAXTRANS 255 
 NOCOMPRESS LOGGING
  STORAGE(INITIAL 65536 NEXT 1048576 MINEXTENTS 1 MAXEXTENTS 2147483645
  PCTINCREASE 0 FREELISTS 1 FREELIST GROUPS 1
  BUFFER_POOL DEFAULT FLASH_CACHE DEFAULT CELL_FLASH_CACHE DEFAULT)
  TABLESPACE "USERS" ;
--------------------------------------------------------
--  DDL for Table USER_ROLES
--------------------------------------------------------

  CREATE TABLE "USER_ROLES" 
   (	"USER_ID" NUMBER(20,0), 
	"ROLE_ID" NUMBER(20,0)
   ) SEGMENT CREATION IMMEDIATE 
  PCTFREE 10 PCTUSED 40 INITRANS 1 MAXTRANS 255 
 NOCOMPRESS LOGGING
  STORAGE(INITIAL 65536 NEXT 1048576 MINEXTENTS 1 MAXEXTENTS 2147483645
  PCTINCREASE 0 FREELISTS 1 FREELIST GROUPS 1
  BUFFER_POOL DEFAULT FLASH_CACHE DEFAULT CELL_FLASH_CACHE DEFAULT)
  TABLESPACE "USERS" ;
REM INSERTING into AUTHORS
SET DEFINE OFF;
Insert into AUTHORS (AUTHOR_ID,AUTHOR_NAME,EXPIRED) values (2,'Tim Akopyan',to_timestamp('01-OCT-17 04.52.30.000000000 PM','DD-MON-RR HH.MI.SSXFF AM'));
Insert into AUTHORS (AUTHOR_ID,AUTHOR_NAME,EXPIRED) values (3,'Jarred Snow',to_timestamp('02-OCT-17 04.52.30.000000000 PM','DD-MON-RR HH.MI.SSXFF AM'));
Insert into AUTHORS (AUTHOR_ID,AUTHOR_NAME,EXPIRED) values (4,'Veronika English',to_timestamp('06-OCT-17 04.52.30.000000000 PM','DD-MON-RR HH.MI.SSXFF AM'));
Insert into AUTHORS (AUTHOR_ID,AUTHOR_NAME,EXPIRED) values (5,'Carren Lowrence',to_timestamp('08-OCT-18 04.52.30.000000000 PM','DD-MON-RR HH.MI.SSXFF AM'));
Insert into AUTHORS (AUTHOR_ID,AUTHOR_NAME,EXPIRED) values (6,'Jessica Jones',to_timestamp('05-OCT-17 04.52.30.000000000 PM','DD-MON-RR HH.MI.SSXFF AM'));
Insert into AUTHORS (AUTHOR_ID,AUTHOR_NAME,EXPIRED) values (7,'Pavel Loyko',to_timestamp('04-OCT-17 04.52.30.000000000 PM','DD-MON-RR HH.MI.SSXFF AM'));
Insert into AUTHORS (AUTHOR_ID,AUTHOR_NAME,EXPIRED) values (8,'Math Daemon',to_timestamp('03-OCT-18 04.52.30.000000000 PM','DD-MON-RR HH.MI.SSXFF AM'));
Insert into AUTHORS (AUTHOR_ID,AUTHOR_NAME,EXPIRED) values (9,'Brad Snowden',to_timestamp('02-OCT-17 04.52.30.000000000 PM','DD-MON-RR HH.MI.SSXFF AM'));
Insert into AUTHORS (AUTHOR_ID,AUTHOR_NAME,EXPIRED) values (0,'John Smith',to_timestamp('06-OCT-17 04.52.30.000000000 PM','DD-MON-RR HH.MI.SSXFF AM'));
Insert into AUTHORS (AUTHOR_ID,AUTHOR_NAME,EXPIRED) values (1,'Sam Baffet',to_timestamp('03-OCT-18 04.52.30.000000000 PM','DD-MON-RR HH.MI.SSXFF AM'));
REM INSERTING into COMMENTS
SET DEFINE OFF;
Insert into COMMENTS (COMMENT_ID,NEWS_ID,COMMENT_TEXT,CREATION_DATE) values (2,0,'Comment3',to_timestamp('02-OCT-15 04.52.30.000000000 PM','DD-MON-RR HH.MI.SSXFF AM'));
Insert into COMMENTS (COMMENT_ID,NEWS_ID,COMMENT_TEXT,CREATION_DATE) values (3,0,'Comment4',to_timestamp('02-OCT-15 04.52.30.000000000 PM','DD-MON-RR HH.MI.SSXFF AM'));
Insert into COMMENTS (COMMENT_ID,NEWS_ID,COMMENT_TEXT,CREATION_DATE) values (4,0,'Comment5',to_timestamp('02-OCT-15 04.52.30.000000000 PM','DD-MON-RR HH.MI.SSXFF AM'));
Insert into COMMENTS (COMMENT_ID,NEWS_ID,COMMENT_TEXT,CREATION_DATE) values (5,1,'Comment6',to_timestamp('02-OCT-15 04.52.30.000000000 PM','DD-MON-RR HH.MI.SSXFF AM'));
Insert into COMMENTS (COMMENT_ID,NEWS_ID,COMMENT_TEXT,CREATION_DATE) values (6,2,'Comment7',to_timestamp('02-OCT-15 04.52.30.000000000 PM','DD-MON-RR HH.MI.SSXFF AM'));
Insert into COMMENTS (COMMENT_ID,NEWS_ID,COMMENT_TEXT,CREATION_DATE) values (7,3,'Comment8',to_timestamp('02-OCT-15 04.52.30.000000000 PM','DD-MON-RR HH.MI.SSXFF AM'));
Insert into COMMENTS (COMMENT_ID,NEWS_ID,COMMENT_TEXT,CREATION_DATE) values (8,4,'Comment9',to_timestamp('02-OCT-15 04.52.30.000000000 PM','DD-MON-RR HH.MI.SSXFF AM'));
Insert into COMMENTS (COMMENT_ID,NEWS_ID,COMMENT_TEXT,CREATION_DATE) values (9,5,'Comment10',to_timestamp('02-OCT-15 04.52.30.000000000 PM','DD-MON-RR HH.MI.SSXFF AM'));
Insert into COMMENTS (COMMENT_ID,NEWS_ID,COMMENT_TEXT,CREATION_DATE) values (0,0,'Comment1',to_timestamp('02-OCT-15 04.52.30.000000000 PM','DD-MON-RR HH.MI.SSXFF AM'));
Insert into COMMENTS (COMMENT_ID,NEWS_ID,COMMENT_TEXT,CREATION_DATE) values (1,0,'Comment2',to_timestamp('02-OCT-15 04.52.30.000000000 PM','DD-MON-RR HH.MI.SSXFF AM'));
REM INSERTING into NEWS
SET DEFINE OFF;
Insert into NEWS (NEWS_ID,TITLE,SHORT_TEXT,FULL_TEXT,CREATION_DATE,MODIFICATION_DATE) values (2,'Title3','ShortText3','FullText3',to_timestamp('02-OCT-15 04.52.30.000000000 PM','DD-MON-RR HH.MI.SSXFF AM'),to_timestamp('02-OCT-15 04.52.30.000000000 PM','DD-MON-RR HH.MI.SSXFF AM'));
Insert into NEWS (NEWS_ID,TITLE,SHORT_TEXT,FULL_TEXT,CREATION_DATE,MODIFICATION_DATE) values (3,'Title4','ShortText4','FullText4',to_timestamp('02-OCT-15 04.52.30.000000000 PM','DD-MON-RR HH.MI.SSXFF AM'),to_timestamp('02-OCT-15 04.52.30.000000000 PM','DD-MON-RR HH.MI.SSXFF AM'));
Insert into NEWS (NEWS_ID,TITLE,SHORT_TEXT,FULL_TEXT,CREATION_DATE,MODIFICATION_DATE) values (4,'Title5','ShortText5','FullText5',to_timestamp('02-OCT-15 04.52.30.000000000 PM','DD-MON-RR HH.MI.SSXFF AM'),to_timestamp('02-OCT-15 04.52.30.000000000 PM','DD-MON-RR HH.MI.SSXFF AM'));
Insert into NEWS (NEWS_ID,TITLE,SHORT_TEXT,FULL_TEXT,CREATION_DATE,MODIFICATION_DATE) values (5,'Title6','ShortText6','FullText6',to_timestamp('02-OCT-15 04.52.30.000000000 PM','DD-MON-RR HH.MI.SSXFF AM'),to_timestamp('02-OCT-15 04.52.30.000000000 PM','DD-MON-RR HH.MI.SSXFF AM'));
Insert into NEWS (NEWS_ID,TITLE,SHORT_TEXT,FULL_TEXT,CREATION_DATE,MODIFICATION_DATE) values (6,'Title7','ShortText7','FullText7',to_timestamp('02-OCT-15 04.52.30.000000000 PM','DD-MON-RR HH.MI.SSXFF AM'),to_timestamp('02-OCT-15 04.52.30.000000000 PM','DD-MON-RR HH.MI.SSXFF AM'));
Insert into NEWS (NEWS_ID,TITLE,SHORT_TEXT,FULL_TEXT,CREATION_DATE,MODIFICATION_DATE) values (7,'Title8','ShortText8','FullText8',to_timestamp('02-OCT-15 04.52.30.000000000 PM','DD-MON-RR HH.MI.SSXFF AM'),to_timestamp('02-OCT-15 04.52.30.000000000 PM','DD-MON-RR HH.MI.SSXFF AM'));
Insert into NEWS (NEWS_ID,TITLE,SHORT_TEXT,FULL_TEXT,CREATION_DATE,MODIFICATION_DATE) values (8,'Title9','ShortText9','FullText9',to_timestamp('02-OCT-15 04.52.30.000000000 PM','DD-MON-RR HH.MI.SSXFF AM'),to_timestamp('02-OCT-15 04.52.30.000000000 PM','DD-MON-RR HH.MI.SSXFF AM'));
Insert into NEWS (NEWS_ID,TITLE,SHORT_TEXT,FULL_TEXT,CREATION_DATE,MODIFICATION_DATE) values (9,'Title10','ShortText10','FullText10',to_timestamp('02-OCT-15 04.52.30.000000000 PM','DD-MON-RR HH.MI.SSXFF AM'),to_timestamp('02-OCT-15 04.52.30.000000000 PM','DD-MON-RR HH.MI.SSXFF AM'));
Insert into NEWS (NEWS_ID,TITLE,SHORT_TEXT,FULL_TEXT,CREATION_DATE,MODIFICATION_DATE) values (10,'Title11','ShortText11','FullText11',to_timestamp('02-OCT-15 04.52.30.000000000 PM','DD-MON-RR HH.MI.SSXFF AM'),to_timestamp('02-OCT-15 04.52.30.000000000 PM','DD-MON-RR HH.MI.SSXFF AM'));
Insert into NEWS (NEWS_ID,TITLE,SHORT_TEXT,FULL_TEXT,CREATION_DATE,MODIFICATION_DATE) values (11,'Title12','ShortText12','FullText12',to_timestamp('02-OCT-15 04.52.30.000000000 PM','DD-MON-RR HH.MI.SSXFF AM'),to_timestamp('02-OCT-15 04.52.30.000000000 PM','DD-MON-RR HH.MI.SSXFF AM'));
Insert into NEWS (NEWS_ID,TITLE,SHORT_TEXT,FULL_TEXT,CREATION_DATE,MODIFICATION_DATE) values (12,'Title13','ShortText13','FullText13',to_timestamp('02-OCT-15 04.52.30.000000000 PM','DD-MON-RR HH.MI.SSXFF AM'),to_timestamp('02-OCT-15 04.52.30.000000000 PM','DD-MON-RR HH.MI.SSXFF AM'));
Insert into NEWS (NEWS_ID,TITLE,SHORT_TEXT,FULL_TEXT,CREATION_DATE,MODIFICATION_DATE) values (13,'Title14','ShortText14','FullText14',to_timestamp('02-OCT-15 04.52.30.000000000 PM','DD-MON-RR HH.MI.SSXFF AM'),to_timestamp('02-OCT-15 04.52.30.000000000 PM','DD-MON-RR HH.MI.SSXFF AM'));
Insert into NEWS (NEWS_ID,TITLE,SHORT_TEXT,FULL_TEXT,CREATION_DATE,MODIFICATION_DATE) values (14,'Title15','ShortText15','FullText15',to_timestamp('02-OCT-15 04.52.30.000000000 PM','DD-MON-RR HH.MI.SSXFF AM'),to_timestamp('02-OCT-15 04.52.30.000000000 PM','DD-MON-RR HH.MI.SSXFF AM'));
Insert into NEWS (NEWS_ID,TITLE,SHORT_TEXT,FULL_TEXT,CREATION_DATE,MODIFICATION_DATE) values (15,'Title16','ShortText16','FullText16',to_timestamp('02-OCT-15 04.52.30.000000000 PM','DD-MON-RR HH.MI.SSXFF AM'),to_timestamp('02-OCT-15 04.52.30.000000000 PM','DD-MON-RR HH.MI.SSXFF AM'));
Insert into NEWS (NEWS_ID,TITLE,SHORT_TEXT,FULL_TEXT,CREATION_DATE,MODIFICATION_DATE) values (16,'Title17','ShortText17','FullText17',to_timestamp('02-OCT-15 04.52.30.000000000 PM','DD-MON-RR HH.MI.SSXFF AM'),to_timestamp('02-OCT-15 04.52.30.000000000 PM','DD-MON-RR HH.MI.SSXFF AM'));
Insert into NEWS (NEWS_ID,TITLE,SHORT_TEXT,FULL_TEXT,CREATION_DATE,MODIFICATION_DATE) values (17,'Title18','ShortText18','FullText18',to_timestamp('02-OCT-15 04.52.30.000000000 PM','DD-MON-RR HH.MI.SSXFF AM'),to_timestamp('02-OCT-15 04.52.30.000000000 PM','DD-MON-RR HH.MI.SSXFF AM'));
Insert into NEWS (NEWS_ID,TITLE,SHORT_TEXT,FULL_TEXT,CREATION_DATE,MODIFICATION_DATE) values (18,'Title19','ShortText19','FullText19',to_timestamp('02-OCT-15 04.52.30.000000000 PM','DD-MON-RR HH.MI.SSXFF AM'),to_timestamp('02-OCT-15 04.52.30.000000000 PM','DD-MON-RR HH.MI.SSXFF AM'));
Insert into NEWS (NEWS_ID,TITLE,SHORT_TEXT,FULL_TEXT,CREATION_DATE,MODIFICATION_DATE) values (19,'Title20','ShortText20','FullText20',to_timestamp('02-OCT-15 04.52.30.000000000 PM','DD-MON-RR HH.MI.SSXFF AM'),to_timestamp('02-OCT-15 04.52.30.000000000 PM','DD-MON-RR HH.MI.SSXFF AM'));
Insert into NEWS (NEWS_ID,TITLE,SHORT_TEXT,FULL_TEXT,CREATION_DATE,MODIFICATION_DATE) values (0,'Title1','ShortText1','FullText1',to_timestamp('02-OCT-15 04.52.30.000000000 PM','DD-MON-RR HH.MI.SSXFF AM'),to_timestamp('02-OCT-15 04.52.30.000000000 PM','DD-MON-RR HH.MI.SSXFF AM'));
Insert into NEWS (NEWS_ID,TITLE,SHORT_TEXT,FULL_TEXT,CREATION_DATE,MODIFICATION_DATE) values (1,'Title2','ShortText2','FullText2',to_timestamp('02-OCT-15 04.52.30.000000000 PM','DD-MON-RR HH.MI.SSXFF AM'),to_timestamp('02-OCT-15 04.52.30.000000000 PM','DD-MON-RR HH.MI.SSXFF AM'));
REM INSERTING into NEWS_AUTHORS
SET DEFINE OFF;
Insert into NEWS_AUTHORS (NEWS_ID,AUTHOR_ID) values (2,2);
Insert into NEWS_AUTHORS (NEWS_ID,AUTHOR_ID) values (3,3);
Insert into NEWS_AUTHORS (NEWS_ID,AUTHOR_ID) values (4,4);
Insert into NEWS_AUTHORS (NEWS_ID,AUTHOR_ID) values (5,5);
Insert into NEWS_AUTHORS (NEWS_ID,AUTHOR_ID) values (6,6);
Insert into NEWS_AUTHORS (NEWS_ID,AUTHOR_ID) values (7,7);
Insert into NEWS_AUTHORS (NEWS_ID,AUTHOR_ID) values (8,8);
Insert into NEWS_AUTHORS (NEWS_ID,AUTHOR_ID) values (9,9);
Insert into NEWS_AUTHORS (NEWS_ID,AUTHOR_ID) values (10,1);
Insert into NEWS_AUTHORS (NEWS_ID,AUTHOR_ID) values (11,2);
Insert into NEWS_AUTHORS (NEWS_ID,AUTHOR_ID) values (12,3);
Insert into NEWS_AUTHORS (NEWS_ID,AUTHOR_ID) values (13,4);
Insert into NEWS_AUTHORS (NEWS_ID,AUTHOR_ID) values (14,5);
Insert into NEWS_AUTHORS (NEWS_ID,AUTHOR_ID) values (15,6);
Insert into NEWS_AUTHORS (NEWS_ID,AUTHOR_ID) values (16,6);
Insert into NEWS_AUTHORS (NEWS_ID,AUTHOR_ID) values (17,6);
Insert into NEWS_AUTHORS (NEWS_ID,AUTHOR_ID) values (18,6);
Insert into NEWS_AUTHORS (NEWS_ID,AUTHOR_ID) values (19,6);
Insert into NEWS_AUTHORS (NEWS_ID,AUTHOR_ID) values (0,0);
Insert into NEWS_AUTHORS (NEWS_ID,AUTHOR_ID) values (1,1);
REM INSERTING into NEWS_TAGS
SET DEFINE OFF;
Insert into NEWS_TAGS (NEWS_ID,TAG_ID) values (0,2);
Insert into NEWS_TAGS (NEWS_ID,TAG_ID) values (0,3);
Insert into NEWS_TAGS (NEWS_ID,TAG_ID) values (0,4);
Insert into NEWS_TAGS (NEWS_ID,TAG_ID) values (0,5);
Insert into NEWS_TAGS (NEWS_ID,TAG_ID) values (0,6);
Insert into NEWS_TAGS (NEWS_ID,TAG_ID) values (0,7);
Insert into NEWS_TAGS (NEWS_ID,TAG_ID) values (1,0);
Insert into NEWS_TAGS (NEWS_ID,TAG_ID) values (2,1);
Insert into NEWS_TAGS (NEWS_ID,TAG_ID) values (3,2);
Insert into NEWS_TAGS (NEWS_ID,TAG_ID) values (4,3);
Insert into NEWS_TAGS (NEWS_ID,TAG_ID) values (5,4);
Insert into NEWS_TAGS (NEWS_ID,TAG_ID) values (6,5);
Insert into NEWS_TAGS (NEWS_ID,TAG_ID) values (7,6);
Insert into NEWS_TAGS (NEWS_ID,TAG_ID) values (8,7);
Insert into NEWS_TAGS (NEWS_ID,TAG_ID) values (0,0);
Insert into NEWS_TAGS (NEWS_ID,TAG_ID) values (0,1);
REM INSERTING into ROLES
SET DEFINE OFF;
Insert into ROLES (ROLE_ID,ROLE_NAME) values (2,'Administrator');
Insert into ROLES (ROLE_ID,ROLE_NAME) values (3,'Author');
Insert into ROLES (ROLE_ID,ROLE_NAME) values (0,'User');
Insert into ROLES (ROLE_ID,ROLE_NAME) values (1,'Moderator');
REM INSERTING into TAGS
SET DEFINE OFF;
Insert into TAGS (TAG_ID,TAG_NAME) values (2,'tag3');
Insert into TAGS (TAG_ID,TAG_NAME) values (3,'tag4');
Insert into TAGS (TAG_ID,TAG_NAME) values (4,'tag5');
Insert into TAGS (TAG_ID,TAG_NAME) values (5,'tag6');
Insert into TAGS (TAG_ID,TAG_NAME) values (6,'tag7');
Insert into TAGS (TAG_ID,TAG_NAME) values (7,'tag8');
Insert into TAGS (TAG_ID,TAG_NAME) values (8,'tag9');
Insert into TAGS (TAG_ID,TAG_NAME) values (9,'tag10');
Insert into TAGS (TAG_ID,TAG_NAME) values (0,'tag1');
Insert into TAGS (TAG_ID,TAG_NAME) values (1,'tag2');
REM INSERTING into USERS
SET DEFINE OFF;
Insert into USERS (USER_ID,USER_NAME,LOGIN,PASSWORD) values (2,'Vova','vsd3','pass');
Insert into USERS (USER_ID,USER_NAME,LOGIN,PASSWORD) values (3,'Kirill','1234','pass');
Insert into USERS (USER_ID,USER_NAME,LOGIN,PASSWORD) values (4,'Sasha','asdfsad','pass');
Insert into USERS (USER_ID,USER_NAME,LOGIN,PASSWORD) values (5,'John','sfgsdf','pass');
Insert into USERS (USER_ID,USER_NAME,LOGIN,PASSWORD) values (6,'Philip','884hjf','pass');
Insert into USERS (USER_ID,USER_NAME,LOGIN,PASSWORD) values (7,'Mark','sdiufh78','pass');
Insert into USERS (USER_ID,USER_NAME,LOGIN,PASSWORD) values (8,'Jimmy','f43ff','pass');
Insert into USERS (USER_ID,USER_NAME,LOGIN,PASSWORD) values (9,'Sam','hempsd','pass');
Insert into USERS (USER_ID,USER_NAME,LOGIN,PASSWORD) values (10,'Slava','hemplssg','pass');
Insert into USERS (USER_ID,USER_NAME,LOGIN,PASSWORD) values (11,'Yopper','hempl3eg','pass');
Insert into USERS (USER_ID,USER_NAME,LOGIN,PASSWORD) values (12,'Jordan','hempl2eg','pass');
Insert into USERS (USER_ID,USER_NAME,LOGIN,PASSWORD) values (13,'Yan','hemple1g','pass');
Insert into USERS (USER_ID,USER_NAME,LOGIN,PASSWORD) values (14,'Yen','hemple0g','pass');
Insert into USERS (USER_ID,USER_NAME,LOGIN,PASSWORD) values (15,'Yayn','hempl3453eg','pass');
Insert into USERS (USER_ID,USER_NAME,LOGIN,PASSWORD) values (16,'Jir','hemp1212leg','pass');
Insert into USERS (USER_ID,USER_NAME,LOGIN,PASSWORD) values (17,'Spot','hemp543leg','pass');
Insert into USERS (USER_ID,USER_NAME,LOGIN,PASSWORD) values (18,'Kik','hempl544eg','pass');
Insert into USERS (USER_ID,USER_NAME,LOGIN,PASSWORD) values (19,'Iopper','hempl452eg','pass');
Insert into USERS (USER_ID,USER_NAME,LOGIN,PASSWORD) values (0,'Artyom','hempleg','pass');
Insert into USERS (USER_ID,USER_NAME,LOGIN,PASSWORD) values (1,'Sergey','bob231','pass');
REM INSERTING into USER_ROLES
SET DEFINE OFF;
Insert into USER_ROLES (USER_ID,ROLE_ID) values (2,2);
Insert into USER_ROLES (USER_ID,ROLE_ID) values (3,3);
Insert into USER_ROLES (USER_ID,ROLE_ID) values (4,1);
Insert into USER_ROLES (USER_ID,ROLE_ID) values (5,1);
Insert into USER_ROLES (USER_ID,ROLE_ID) values (6,1);
Insert into USER_ROLES (USER_ID,ROLE_ID) values (7,2);
Insert into USER_ROLES (USER_ID,ROLE_ID) values (8,0);
Insert into USER_ROLES (USER_ID,ROLE_ID) values (9,0);
Insert into USER_ROLES (USER_ID,ROLE_ID) values (10,0);
Insert into USER_ROLES (USER_ID,ROLE_ID) values (11,0);
Insert into USER_ROLES (USER_ID,ROLE_ID) values (12,0);
Insert into USER_ROLES (USER_ID,ROLE_ID) values (13,0);
Insert into USER_ROLES (USER_ID,ROLE_ID) values (14,1);
Insert into USER_ROLES (USER_ID,ROLE_ID) values (15,3);
Insert into USER_ROLES (USER_ID,ROLE_ID) values (16,0);
Insert into USER_ROLES (USER_ID,ROLE_ID) values (17,3);
Insert into USER_ROLES (USER_ID,ROLE_ID) values (18,0);
Insert into USER_ROLES (USER_ID,ROLE_ID) values (19,3);
Insert into USER_ROLES (USER_ID,ROLE_ID) values (0,0);
Insert into USER_ROLES (USER_ID,ROLE_ID) values (1,1);
--------------------------------------------------------
--  DDL for Index AUTHORS_PK
--------------------------------------------------------

  CREATE UNIQUE INDEX "AUTHORS_PK" ON "AUTHORS" ("AUTHOR_ID") 
  PCTFREE 10 INITRANS 2 MAXTRANS 255 COMPUTE STATISTICS 
  STORAGE(INITIAL 65536 NEXT 1048576 MINEXTENTS 1 MAXEXTENTS 2147483645
  PCTINCREASE 0 FREELISTS 1 FREELIST GROUPS 1
  BUFFER_POOL DEFAULT FLASH_CACHE DEFAULT CELL_FLASH_CACHE DEFAULT)
  TABLESPACE "USERS" ;
--------------------------------------------------------
--  DDL for Index USERS_PK
--------------------------------------------------------

  CREATE UNIQUE INDEX "USERS_PK" ON "USERS" ("USER_ID") 
  PCTFREE 10 INITRANS 2 MAXTRANS 255 COMPUTE STATISTICS 
  STORAGE(INITIAL 65536 NEXT 1048576 MINEXTENTS 1 MAXEXTENTS 2147483645
  PCTINCREASE 0 FREELISTS 1 FREELIST GROUPS 1
  BUFFER_POOL DEFAULT FLASH_CACHE DEFAULT CELL_FLASH_CACHE DEFAULT)
  TABLESPACE "USERS" ;
--------------------------------------------------------
--  DDL for Index TAGS_PK
--------------------------------------------------------

  CREATE UNIQUE INDEX "TAGS_PK" ON "TAGS" ("TAG_ID") 
  PCTFREE 10 INITRANS 2 MAXTRANS 255 COMPUTE STATISTICS 
  STORAGE(INITIAL 65536 NEXT 1048576 MINEXTENTS 1 MAXEXTENTS 2147483645
  PCTINCREASE 0 FREELISTS 1 FREELIST GROUPS 1
  BUFFER_POOL DEFAULT FLASH_CACHE DEFAULT CELL_FLASH_CACHE DEFAULT)
  TABLESPACE "USERS" ;
--------------------------------------------------------
--  DDL for Index COMMENTS_PK
--------------------------------------------------------

  CREATE UNIQUE INDEX "COMMENTS_PK" ON "COMMENTS" ("COMMENT_ID") 
  PCTFREE 10 INITRANS 2 MAXTRANS 255 COMPUTE STATISTICS 
  STORAGE(INITIAL 65536 NEXT 1048576 MINEXTENTS 1 MAXEXTENTS 2147483645
  PCTINCREASE 0 FREELISTS 1 FREELIST GROUPS 1
  BUFFER_POOL DEFAULT FLASH_CACHE DEFAULT CELL_FLASH_CACHE DEFAULT)
  TABLESPACE "USERS" ;
--------------------------------------------------------
--  DDL for Index ROLES_PK
--------------------------------------------------------

  CREATE UNIQUE INDEX "ROLES_PK" ON "ROLES" ("ROLE_ID") 
  PCTFREE 10 INITRANS 2 MAXTRANS 255 COMPUTE STATISTICS 
  STORAGE(INITIAL 65536 NEXT 1048576 MINEXTENTS 1 MAXEXTENTS 2147483645
  PCTINCREASE 0 FREELISTS 1 FREELIST GROUPS 1
  BUFFER_POOL DEFAULT FLASH_CACHE DEFAULT CELL_FLASH_CACHE DEFAULT)
  TABLESPACE "USERS" ;
--------------------------------------------------------
--  DDL for Index NEWS_PK
--------------------------------------------------------

  CREATE UNIQUE INDEX "NEWS_PK" ON "NEWS" ("NEWS_ID") 
  PCTFREE 10 INITRANS 2 MAXTRANS 255 COMPUTE STATISTICS 
  STORAGE(INITIAL 65536 NEXT 1048576 MINEXTENTS 1 MAXEXTENTS 2147483645
  PCTINCREASE 0 FREELISTS 1 FREELIST GROUPS 1
  BUFFER_POOL DEFAULT FLASH_CACHE DEFAULT CELL_FLASH_CACHE DEFAULT)
  TABLESPACE "USERS" ;
--------------------------------------------------------
--  Constraints for Table AUTHORS
--------------------------------------------------------

  ALTER TABLE "AUTHORS" ADD CONSTRAINT "AUTHORS_PK" PRIMARY KEY ("AUTHOR_ID")
  USING INDEX PCTFREE 10 INITRANS 2 MAXTRANS 255 COMPUTE STATISTICS 
  STORAGE(INITIAL 65536 NEXT 1048576 MINEXTENTS 1 MAXEXTENTS 2147483645
  PCTINCREASE 0 FREELISTS 1 FREELIST GROUPS 1
  BUFFER_POOL DEFAULT FLASH_CACHE DEFAULT CELL_FLASH_CACHE DEFAULT)
  TABLESPACE "USERS"  ENABLE;
  ALTER TABLE "AUTHORS" MODIFY ("AUTHOR_NAME" NOT NULL ENABLE);
  ALTER TABLE "AUTHORS" MODIFY ("AUTHOR_ID" NOT NULL ENABLE);
--------------------------------------------------------
--  Constraints for Table ROLES
--------------------------------------------------------

  ALTER TABLE "ROLES" ADD CONSTRAINT "ROLES_PK" PRIMARY KEY ("ROLE_ID")
  USING INDEX PCTFREE 10 INITRANS 2 MAXTRANS 255 COMPUTE STATISTICS 
  STORAGE(INITIAL 65536 NEXT 1048576 MINEXTENTS 1 MAXEXTENTS 2147483645
  PCTINCREASE 0 FREELISTS 1 FREELIST GROUPS 1
  BUFFER_POOL DEFAULT FLASH_CACHE DEFAULT CELL_FLASH_CACHE DEFAULT)
  TABLESPACE "USERS"  ENABLE;
  ALTER TABLE "ROLES" MODIFY ("ROLE_NAME" NOT NULL ENABLE);
  ALTER TABLE "ROLES" MODIFY ("ROLE_ID" NOT NULL ENABLE);
--------------------------------------------------------
--  Constraints for Table NEWS_TAGS
--------------------------------------------------------

  ALTER TABLE "NEWS_TAGS" MODIFY ("TAG_ID" NOT NULL ENABLE);
  ALTER TABLE "NEWS_TAGS" MODIFY ("NEWS_ID" NOT NULL ENABLE);
--------------------------------------------------------
--  Constraints for Table TAGS
--------------------------------------------------------

  ALTER TABLE "TAGS" ADD CONSTRAINT "TAGS_PK" PRIMARY KEY ("TAG_ID")
  USING INDEX PCTFREE 10 INITRANS 2 MAXTRANS 255 COMPUTE STATISTICS 
  STORAGE(INITIAL 65536 NEXT 1048576 MINEXTENTS 1 MAXEXTENTS 2147483645
  PCTINCREASE 0 FREELISTS 1 FREELIST GROUPS 1
  BUFFER_POOL DEFAULT FLASH_CACHE DEFAULT CELL_FLASH_CACHE DEFAULT)
  TABLESPACE "USERS"  ENABLE;
  ALTER TABLE "TAGS" MODIFY ("TAG_NAME" NOT NULL ENABLE);
  ALTER TABLE "TAGS" MODIFY ("TAG_ID" NOT NULL ENABLE);
--------------------------------------------------------
--  Constraints for Table NEWS
--------------------------------------------------------

  ALTER TABLE "NEWS" ADD CONSTRAINT "NEWS_PK" PRIMARY KEY ("NEWS_ID")
  USING INDEX PCTFREE 10 INITRANS 2 MAXTRANS 255 COMPUTE STATISTICS 
  STORAGE(INITIAL 65536 NEXT 1048576 MINEXTENTS 1 MAXEXTENTS 2147483645
  PCTINCREASE 0 FREELISTS 1 FREELIST GROUPS 1
  BUFFER_POOL DEFAULT FLASH_CACHE DEFAULT CELL_FLASH_CACHE DEFAULT)
  TABLESPACE "USERS"  ENABLE;
  ALTER TABLE "NEWS" MODIFY ("MODIFICATION_DATE" NOT NULL ENABLE);
  ALTER TABLE "NEWS" MODIFY ("CREATION_DATE" NOT NULL ENABLE);
  ALTER TABLE "NEWS" MODIFY ("FULL_TEXT" NOT NULL ENABLE);
  ALTER TABLE "NEWS" MODIFY ("SHORT_TEXT" NOT NULL ENABLE);
  ALTER TABLE "NEWS" MODIFY ("TITLE" NOT NULL ENABLE);
  ALTER TABLE "NEWS" MODIFY ("NEWS_ID" NOT NULL ENABLE);
--------------------------------------------------------
--  Constraints for Table USER_ROLES
--------------------------------------------------------

  ALTER TABLE "USER_ROLES" MODIFY ("ROLE_ID" NOT NULL ENABLE);
  ALTER TABLE "USER_ROLES" MODIFY ("USER_ID" NOT NULL ENABLE);
--------------------------------------------------------
--  Constraints for Table NEWS_AUTHORS
--------------------------------------------------------

  ALTER TABLE "NEWS_AUTHORS" MODIFY ("AUTHOR_ID" NOT NULL ENABLE);
  ALTER TABLE "NEWS_AUTHORS" MODIFY ("NEWS_ID" NOT NULL ENABLE);
--------------------------------------------------------
--  Constraints for Table COMMENTS
--------------------------------------------------------

  ALTER TABLE "COMMENTS" ADD CONSTRAINT "COMMENTS_PK" PRIMARY KEY ("COMMENT_ID")
  USING INDEX PCTFREE 10 INITRANS 2 MAXTRANS 255 COMPUTE STATISTICS 
  STORAGE(INITIAL 65536 NEXT 1048576 MINEXTENTS 1 MAXEXTENTS 2147483645
  PCTINCREASE 0 FREELISTS 1 FREELIST GROUPS 1
  BUFFER_POOL DEFAULT FLASH_CACHE DEFAULT CELL_FLASH_CACHE DEFAULT)
  TABLESPACE "USERS"  ENABLE;
  ALTER TABLE "COMMENTS" MODIFY ("CREATION_DATE" NOT NULL ENABLE);
  ALTER TABLE "COMMENTS" MODIFY ("COMMENT_TEXT" NOT NULL ENABLE);
  ALTER TABLE "COMMENTS" MODIFY ("NEWS_ID" NOT NULL ENABLE);
  ALTER TABLE "COMMENTS" MODIFY ("COMMENT_ID" NOT NULL ENABLE);
--------------------------------------------------------
--  Constraints for Table USERS
--------------------------------------------------------

  ALTER TABLE "USERS" ADD CONSTRAINT "USERS_PK" PRIMARY KEY ("USER_ID")
  USING INDEX PCTFREE 10 INITRANS 2 MAXTRANS 255 COMPUTE STATISTICS 
  STORAGE(INITIAL 65536 NEXT 1048576 MINEXTENTS 1 MAXEXTENTS 2147483645
  PCTINCREASE 0 FREELISTS 1 FREELIST GROUPS 1
  BUFFER_POOL DEFAULT FLASH_CACHE DEFAULT CELL_FLASH_CACHE DEFAULT)
  TABLESPACE "USERS"  ENABLE;
  ALTER TABLE "USERS" MODIFY ("PASSWORD" NOT NULL ENABLE);
  ALTER TABLE "USERS" MODIFY ("LOGIN" NOT NULL ENABLE);
  ALTER TABLE "USERS" MODIFY ("USER_NAME" NOT NULL ENABLE);
  ALTER TABLE "USERS" MODIFY ("USER_ID" NOT NULL ENABLE);
--------------------------------------------------------
--  Ref Constraints for Table COMMENTS
--------------------------------------------------------

  ALTER TABLE "COMMENTS" ADD CONSTRAINT "COMMENTS_FK1" FOREIGN KEY ("NEWS_ID")
	  REFERENCES "NEWS" ("NEWS_ID") ON DELETE CASCADE ENABLE;
--------------------------------------------------------
--  Ref Constraints for Table NEWS_AUTHORS
--------------------------------------------------------

  ALTER TABLE "NEWS_AUTHORS" ADD CONSTRAINT "NEWS_AUTHORS_FK1" FOREIGN KEY ("NEWS_ID")
	  REFERENCES "NEWS" ("NEWS_ID") ON DELETE CASCADE ENABLE;
  ALTER TABLE "NEWS_AUTHORS" ADD CONSTRAINT "NEWS_AUTHORS_FK2" FOREIGN KEY ("AUTHOR_ID")
	  REFERENCES "AUTHORS" ("AUTHOR_ID") ON DELETE CASCADE ENABLE;
--------------------------------------------------------
--  Ref Constraints for Table NEWS_TAGS
--------------------------------------------------------

  ALTER TABLE "NEWS_TAGS" ADD CONSTRAINT "NEWS_TAGS_FK1" FOREIGN KEY ("NEWS_ID")
	  REFERENCES "NEWS" ("NEWS_ID") ON DELETE CASCADE ENABLE;
  ALTER TABLE "NEWS_TAGS" ADD CONSTRAINT "NEWS_TAGS_FK2" FOREIGN KEY ("TAG_ID")
	  REFERENCES "TAGS" ("TAG_ID") ON DELETE CASCADE ENABLE;
--------------------------------------------------------
--  Ref Constraints for Table USER_ROLES
--------------------------------------------------------

  ALTER TABLE "USER_ROLES" ADD CONSTRAINT "USER_ROLES_FK1" FOREIGN KEY ("USER_ID")
	  REFERENCES "USERS" ("USER_ID") ON DELETE CASCADE ENABLE;
  ALTER TABLE "USER_ROLES" ADD CONSTRAINT "USER_ROLES_FK2" FOREIGN KEY ("ROLE_ID")
	  REFERENCES "ROLES" ("ROLE_ID") ON DELETE CASCADE ENABLE;
--------------------------------------------------------
--  DDL for Trigger AUTHORS_TRG
--------------------------------------------------------

  CREATE OR REPLACE EDITIONABLE TRIGGER "AUTHORS_TRG" 
BEFORE INSERT ON AUTHORS 
FOR EACH ROW 
BEGIN
  <<COLUMN_SEQUENCES>>
  BEGIN
    IF INSERTING AND :NEW.AUTHOR_ID IS NULL THEN
      SELECT AUTHORS_SEQ.NEXTVAL INTO :NEW.AUTHOR_ID FROM SYS.DUAL;
    END IF;
  END COLUMN_SEQUENCES;
END;
/
ALTER TRIGGER "AUTHORS_TRG" ENABLE;
--------------------------------------------------------
--  DDL for Trigger COMMENTS_TRG
--------------------------------------------------------

  CREATE OR REPLACE EDITIONABLE TRIGGER "COMMENTS_TRG" 
BEFORE INSERT ON COMMENTS 
FOR EACH ROW 
BEGIN
  <<COLUMN_SEQUENCES>>
  BEGIN
    IF INSERTING AND :NEW.COMMENT_ID IS NULL THEN
      SELECT COMMENTS_SEQ.NEXTVAL INTO :NEW.COMMENT_ID FROM SYS.DUAL;
    END IF;
  END COLUMN_SEQUENCES;
END;
/
ALTER TRIGGER "COMMENTS_TRG" ENABLE;
--------------------------------------------------------
--  DDL for Trigger NEWS_TRG
--------------------------------------------------------

  CREATE OR REPLACE EDITIONABLE TRIGGER "NEWS_TRG" 
BEFORE INSERT ON NEWS 
FOR EACH ROW 
BEGIN
  <<COLUMN_SEQUENCES>>
  BEGIN
    IF INSERTING AND :NEW.NEWS_ID IS NULL THEN
      SELECT NEWS_SEQ.NEXTVAL INTO :NEW.NEWS_ID FROM SYS.DUAL;
    END IF;
  END COLUMN_SEQUENCES;
END;
/
ALTER TRIGGER "NEWS_TRG" ENABLE;
--------------------------------------------------------
--  DDL for Trigger ROLES_TRG
--------------------------------------------------------

  CREATE OR REPLACE EDITIONABLE TRIGGER "ROLES_TRG" 
BEFORE INSERT ON ROLES 
FOR EACH ROW 
BEGIN
  <<COLUMN_SEQUENCES>>
  BEGIN
    IF INSERTING AND :NEW.ROLE_ID IS NULL THEN
      SELECT ROLES_SEQ.NEXTVAL INTO :NEW.ROLE_ID FROM SYS.DUAL;
    END IF;
  END COLUMN_SEQUENCES;
END;
/
ALTER TRIGGER "ROLES_TRG" ENABLE;
--------------------------------------------------------
--  DDL for Trigger TAGS_TRG
--------------------------------------------------------

  CREATE OR REPLACE EDITIONABLE TRIGGER "TAGS_TRG" 
BEFORE INSERT ON TAGS 
FOR EACH ROW 
BEGIN
  <<COLUMN_SEQUENCES>>
  BEGIN
    IF INSERTING AND :NEW.TAG_ID IS NULL THEN
      SELECT TAGS_SEQ.NEXTVAL INTO :NEW.TAG_ID FROM SYS.DUAL;
    END IF;
  END COLUMN_SEQUENCES;
END;
/
ALTER TRIGGER "TAGS_TRG" ENABLE;
--------------------------------------------------------
--  DDL for Trigger USERS_TRG
--------------------------------------------------------

  CREATE OR REPLACE EDITIONABLE TRIGGER "USERS_TRG" 
BEFORE INSERT ON USERS 
FOR EACH ROW 
BEGIN
  <<COLUMN_SEQUENCES>>
  BEGIN
    IF INSERTING AND :NEW.USER_ID IS NULL THEN
      SELECT USERS_SEQ.NEXTVAL INTO :NEW.USER_ID FROM SYS.DUAL;
    END IF;
  END COLUMN_SEQUENCES;
END;
/
ALTER TRIGGER "USERS_TRG" ENABLE;
